Handle,Title,Body (HTML),Vendor,Type,Tags,Published,Option1 Name,Option1 Value,Variant SKU,Variant Grams,Variant Inventory Tracker,Variant Inventory Qty,Variant Inventory Policy,Variant Fulfillment Service,Variant Price,Variant Compare At Price,Variant Requires Shipping,Variant Taxable,Variant Barcode,Image Src,Image Alt Text,Gift Card,SEO Title,SEO Description,Google Shopping / Google Product Category,Google Shopping / Gender,Google Shopping / Age Group,Google Shopping / MPN,Google Shopping / AdWords Grouping,Google Shopping / Condition,Google Shopping / Custom Product,Status
filet-mignon-wagyu-halal,"Filet Mignon de Bœuf Wagyu Halal","<p><strong>Le roi des coupes : une tendreté absolue que vous n'oublierez jamais.</strong></p>
<p>Le Filet Mignon est la coupe la plus noble du bœuf Wagyu Halal des Élevages Lassonde. Son persillage exceptionnel lui confère une texture fondante et un goût beurré incomparable. Idéal pour les occasions spéciales et les repas gastronomiques.</p>
<h3>Caractéristiques</h3>
<ul>
<li>Bœuf Wagyu certifié Halal FAMBRAS</li>
<li>Élevage québécois — Les Élevages Lassonde</li>
<li>Persillage exceptionnel pour une tendreté incomparable</li>
<li>Coupe issue du muscle psoas, le moins sollicité de l'animal</li>
</ul>
<h3>Cuisson recommandée</h3>
<p>Saisir rapidement à feu vif à la poêle en fonte ou au grill. Cuire entre saignant et à point pour préserver tout le fondant. Laisser reposer 3-5 minutes avant de servir.</p>
<h3>Conservation</h3>
<p>Garder réfrigéré entre 0°C et 4°C. Consommer avant la date indiquée sur l'emballage.</p>
<p><em>Poids variable — chaque pièce est unique. Prix calculé selon le poids exact à la livre.</em></p>","Les Élevages Lassonde","Viande Wagyu Halal","Halal, Wagyu, FAMBRAS, Québec, Coupes Ultra Premium, Grill, Poêle",TRUE,Poids,Au poids ($/lb),LASSONDE-FILET-MIGNON,0,shopify,0,deny,manual,126.24,,TRUE,TRUE,,,"Filet Mignon de Bœuf Wagyu Halal — Les Élevages Lassonde",FALSE,"Filet Mignon Wagyu Halal Québec | Les Élevages Lassonde","Filet Mignon de Bœuf Wagyu Halal certifié FAMBRAS, élevé au Québec. Persillage exceptionnel, livraison sous vide. Commander en ligne.","Food, Beverages & Tobacco > Food Items > Meat",,,,Wagyu Halal Québec,new,TRUE,active
hampe-wagyu-halal,"Hampe de Bœuf Wagyu Halal","<p><strong>Un caractère intense et un goût de bœuf prononcé qui séduira les connaisseurs.</strong></p>
<p>La Hampe de Bœuf Wagyu Halal des Élevages Lassonde est une coupe diaphragmatique à la saveur puissante et profonde. Sa texture fibreuse, traversée d'un persillage généreux, lui donne un profil gustatif unique. Appréciée des amateurs de viande aux saveurs affirmées.</p>
<h3>Caractéristiques</h3>
<ul>
<li>Bœuf Wagyu certifié Halal FAMBRAS</li>
<li>Élevage québécois — Les Élevages Lassonde</li>
<li>Persillage exceptionnel pour une tendreté incomparable</li>
<li>Coupe diaphragmatique à la saveur bœuf très marquée</li>
</ul>
<h3>Cuisson recommandée</h3>
<p>Cuire à feu très vif, rapidement, pour une cuisson saignante à rosée. Trancher toujours dans le sens perpendiculaire aux fibres pour maximiser la tendreté. Une marinade légère à l'huile d'olive et aux herbes sublime ses arômes naturels.</p>
<h3>Conservation</h3>
<p>Garder réfrigéré entre 0°C et 4°C. Consommer avant la date indiquée sur l'emballage.</p>
<p><em>Poids variable — chaque pièce est unique. Prix calculé selon le poids exact à la livre.</em></p>","Les Élevages Lassonde","Viande Wagyu Halal","Halal, Wagyu, FAMBRAS, Québec, Coupes Premium, Grill, Poêle",TRUE,Poids,Au poids ($/lb),LASSONDE-HAMPE,0,shopify,0,deny,manual,97.54,,TRUE,TRUE,,,"Hampe de Bœuf Wagyu Halal — Les Élevages Lassonde",FALSE,"Hampe Wagyu Halal Québec | Les Élevages Lassonde","Hampe de Bœuf Wagyu Halal certifié FAMBRAS des Élevages Lassonde. Saveur intense et persillage Wagyu. Élevage québécois, livré sous vide.","Food, Beverages & Tobacco > Food Items > Meat",,,,Wagyu Halal Québec,new,TRUE,active
contre-filet-wagyu-halal,"Contre Filet de Bœuf Wagyu Halal","<p><strong>La noblesse du faux-filet : persillé, tendre et d'une saveur bœuf incomparable.</strong></p>
<p>Le Contre Filet Wagyu Halal des Élevages Lassonde offre le parfait équilibre entre tendreté et saveur. Sa fine bande de gras périphérique fond à la cuisson et enrobe chaque bouchée d'un arôme riche et beurré. Une coupe versatile qui se distingue autant au grill qu'à la poêle.</p>
<h3>Caractéristiques</h3>
<ul>
<li>Bœuf Wagyu certifié Halal FAMBRAS</li>
<li>Élevage québécois — Les Élevages Lassonde</li>
<li>Persillage exceptionnel pour une tendreté incomparable</li>
<li>Bande de gras périphérique qui enrichit la saveur à la cuisson</li>
</ul>
<h3>Cuisson recommandée</h3>
<p>Griller ou poêler à feu vif, cuisson saignante à point. Arroser régulièrement de son propre gras durant la cuisson. Laisser reposer 5 minutes avant de trancher pour conserver les jus.</p>
<h3>Conservation</h3>
<p>Garder réfrigéré entre 0°C et 4°C. Consommer avant la date indiquée sur l'emballage.</p>
<p><em>Poids variable — chaque pièce est unique. Prix calculé selon le poids exact à la livre.</em></p>","Les Élevages Lassonde","Viande Wagyu Halal","Halal, Wagyu, FAMBRAS, Québec, Coupes Ultra Premium, Grill, Poêle",TRUE,Poids,Au poids ($/lb),LASSONDE-CONTRE-FILET,0,shopify,0,deny,manual,91.80,,TRUE,TRUE,,,"Contre Filet de Bœuf Wagyu Halal — Les Élevages Lassonde",FALSE,"Contre Filet Wagyu Halal Québec | Les Élevages Lassonde","Contre Filet de Bœuf Wagyu Halal certifié FAMBRAS, élevé au Québec par Les Élevages Lassonde. Persillage Wagyu, livraison sous vide.","Food, Beverages & Tobacco > Food Items > Meat",,,,Wagyu Halal Québec,new,TRUE,active
faux-filet-wagyu-halal,"Faux Filet de Bœuf Wagyu Halal","<p><strong>La coupe emblématique du grill, sublimée par le persillage Wagyu.</strong></p>
<p>Le Faux Filet Wagyu Halal des Élevages Lassonde est l'une des coupes les plus appréciées des amateurs de steak. Son persillage intramusculaire intense lui confère une texture fondante et des arômes complexes de noisette et de beurre. La référence pour un repas mémorable.</p>
<h3>Caractéristiques</h3>
<ul>
<li>Bœuf Wagyu certifié Halal FAMBRAS</li>
<li>Élevage québécois — Les Élevages Lassonde</li>
<li>Persillage exceptionnel pour une tendreté incomparable</li>
<li>Coupe de la longe, idéale pour les grillades et poêlées</li>
</ul>
<h3>Cuisson recommandée</h3>
<p>Saisir à feu très vif, 2-3 minutes par côté pour une cuisson saignante. La chaleur intense permet de caraméliser la surface tout en préservant le cœur rosé et juteux. Assaisonner simplement de fleur de sel et poivre noir.</p>
<h3>Conservation</h3>
<p>Garder réfrigéré entre 0°C et 4°C. Consommer avant la date indiquée sur l'emballage.</p>
<p><em>Poids variable — chaque pièce est unique. Prix calculé selon le poids exact à la livre.</em></p>","Les Élevages Lassonde","Viande Wagyu Halal","Halal, Wagyu, FAMBRAS, Québec, Coupes Ultra Premium, Grill, Poêle",TRUE,Poids,Au poids ($/lb),LASSONDE-FAUX-FILET,0,shopify,0,deny,manual,86.07,,TRUE,TRUE,,,"Faux Filet de Bœuf Wagyu Halal — Les Élevages Lassonde",FALSE,"Faux Filet Wagyu Halal Québec | Les Élevages Lassonde","Faux Filet de Bœuf Wagyu Halal certifié FAMBRAS des Élevages Lassonde. Persillage intense, saveur incomparable. Élevé au Québec.","Food, Beverages & Tobacco > Food Items > Meat",,,,Wagyu Halal Québec,new,TRUE,active
tomahawk-wagyu-halal,"Tomahawk de Bœuf Wagyu Halal","<p><strong>Spectaculaire et savoureux : le Tomahawk est un festin à lui seul.</strong></p>
<p>Le Tomahawk Wagyu Halal des Élevages Lassonde est une côte de bœuf avec l'os long, taillée pour impressionner autant visuellement que gustativement. Son généreux persillage Wagyu se fond à la cuisson pour envelopper chaque bouchée d'une richesse incomparable. Une pièce maîtresse pour les grandes occasions.</p>
<h3>Caractéristiques</h3>
<ul>
<li>Bœuf Wagyu certifié Halal FAMBRAS</li>
<li>Élevage québécois — Les Élevages Lassonde</li>
<li>Persillage exceptionnel pour une tendreté incomparable</li>
<li>Os long French trimmed — présentation spectaculaire et os riche en saveur</li>
</ul>
<h3>Cuisson recommandée</h3>
<p>Idéal au grill au charbon ou au kamado : saisir à feu direct puis terminer en cuisson indirecte à 120°C jusqu'à une température interne de 52-54°C. Laisser reposer 10 minutes avant de servir entier en table pour le spectacle.</p>
<h3>Conservation</h3>
<p>Garder réfrigéré entre 0°C et 4°C. Consommer avant la date indiquée sur l'emballage.</p>
<p><em>Poids variable — chaque pièce est unique. Prix calculé selon le poids exact à la livre.</em></p>","Les Élevages Lassonde","Viande Wagyu Halal","Halal, Wagyu, FAMBRAS, Québec, Coupes Ultra Premium, Grill, BBQ",TRUE,Poids,Au poids ($/lb),LASSONDE-TOMAHAWK,0,shopify,0,deny,manual,86.07,,TRUE,TRUE,,,"Tomahawk de Bœuf Wagyu Halal — Les Élevages Lassonde",FALSE,"Tomahawk Wagyu Halal Québec | Les Élevages Lassonde","Tomahawk de Bœuf Wagyu Halal certifié FAMBRAS, élevé au Québec. Pièce spectaculaire au persillage exceptionnel. Commander en ligne.","Food, Beverages & Tobacco > Food Items > Meat",,,,Wagyu Halal Québec,new,TRUE,active
onglet-wagyu-halal,"Onglet de Bœuf Wagyu Halal","<p><strong>La coupe secrète des bouchers : une saveur de bœuf d'une intensité rare.</strong></p>
<p>L'Onglet Wagyu Halal des Élevages Lassonde est longtemps resté le privilège des initiés. Sa texture fibreuse et son goût profond de bœuf, rehaussé par le persillage Wagyu, en font une des coupes les plus savoureuses de l'animal. Une seule pièce par bête — un vrai trésor.</p>
<h3>Caractéristiques</h3>
<ul>
<li>Bœuf Wagyu certifié Halal FAMBRAS</li>
<li>Élevage québécois — Les Élevages Lassonde</li>
<li>Persillage exceptionnel pour une tendreté incomparable</li>
<li>Coupe unique — une seule pièce par animal, très recherchée</li>
</ul>
<h3>Cuisson recommandée</h3>
<p>Toujours cuire saignant ou rosé, jamais bien cuit : la chaleur excessive durcirait les fibres. Saisir à la poêle très chaude ou au grill 2 minutes par côté. Trancher perpendiculairement aux fibres et assaisonner d'une persillade légère.</p>
<h3>Conservation</h3>
<p>Garder réfrigéré entre 0°C et 4°C. Consommer avant la date indiquée sur l'emballage.</p>
<p><em>Poids variable — chaque pièce est unique. Prix calculé selon le poids exact à la livre.</em></p>","Les Élevages Lassonde","Viande Wagyu Halal","Halal, Wagyu, FAMBRAS, Québec, Coupes Premium, Grill, Poêle",TRUE,Poids,Au poids ($/lb),LASSONDE-ONGLET,0,shopify,0,deny,manual,80.33,,TRUE,TRUE,,,"Onglet de Bœuf Wagyu Halal — Les Élevages Lassonde",FALSE,"Onglet Wagyu Halal Québec | Les Élevages Lassonde","Onglet de Bœuf Wagyu Halal certifié FAMBRAS des Élevages Lassonde. Coupe rare à la saveur intense. Élevage québécois, livré sous vide.","Food, Beverages & Tobacco > Food Items > Meat",,,,Wagyu Halal Québec,new,TRUE,active
1023-wagyu-halal,"1023 de Bœuf Wagyu Halal","<p><strong>La coupe 1023 : découvrez ce joyau méconnu du Wagyu québécois.</strong></p>
<p>La coupe 1023 des Élevages Lassonde est une pièce interne issue de la région de la surlonge, peu connue du grand public mais prisée par les professionnels. Son persillage Wagyu exceptionnel lui confère une tendreté et une jutosité remarquables à un prix accessible. Une découverte gastronomique à faire absolument.</p>
<h3>Caractéristiques</h3>
<ul>
<li>Bœuf Wagyu certifié Halal FAMBRAS</li>
<li>Élevage québécois — Les Élevages Lassonde</li>
<li>Persillage exceptionnel pour une tendreté incomparable</li>
<li>Coupe interne de la surlonge — peu connue, très appréciée des bouchers</li>
</ul>
<h3>Cuisson recommandée</h3>
<p>Cuire à la poêle ou au grill à feu vif, en cuisson saignante à rosée. Sa structure musculaire délicate bénéficie d'une cuisson rapide. Laisser reposer quelques minutes et trancher en biais pour révéler toute sa tendreté.</p>
<h3>Conservation</h3>
<p>Garder réfrigéré entre 0°C et 4°C. Consommer avant la date indiquée sur l'emballage.</p>
<p><em>Poids variable — chaque pièce est unique. Prix calculé selon le poids exact à la livre.</em></p>","Les Élevages Lassonde","Viande Wagyu Halal","Halal, Wagyu, FAMBRAS, Québec, Coupes Accessibles, Grill, Poêle",TRUE,Poids,Au poids ($/lb),LASSONDE-1023,0,shopify,0,deny,manual,77.46,,TRUE,TRUE,,,"1023 de Bœuf Wagyu Halal — Les Élevages Lassonde",FALSE,"Coupe 1023 Wagyu Halal Québec | Les Élevages Lassonde","Coupe 1023 de Bœuf Wagyu Halal certifié FAMBRAS, élevé au Québec. Pièce méconnue au persillage remarquable. Commander en ligne.","Food, Beverages & Tobacco > Food Items > Meat",,,,Wagyu Halal Québec,new,TRUE,active
t-bone-wagyu-halal,"T-Bone de Bœuf Wagyu Halal","<p><strong>Deux coupes en une : le filet et le contre-filet réunis autour d'un os en T.</strong></p>
<p>Le T-Bone Wagyu Halal des Élevages Lassonde offre le meilleur des deux mondes : la tendreté du filet d'un côté, la saveur intense du contre-filet de l'autre, séparés par l'os en T qui enrichit la cuisson de ses sucs. Une pièce généreuse pour les vrais amateurs de bœuf.</p>
<h3>Caractéristiques</h3>
<ul>
<li>Bœuf Wagyu certifié Halal FAMBRAS</li>
<li>Élevage québécois — Les Élevages Lassonde</li>
<li>Persillage exceptionnel pour une tendreté incomparable</li>
<li>Double coupe avec os — filet et contre-filet dans une même pièce</li>
</ul>
<h3>Cuisson recommandée</h3>
<p>Griller à feu vif au charbon ou au gaz, environ 4-5 minutes par côté pour une cuisson à point. Positionner la partie filet légèrement à l'écart de la chaleur directe car elle cuit plus vite. Assaisonner généreusement de sel et poivre avant cuisson.</p>
<h3>Conservation</h3>
<p>Garder réfrigéré entre 0°C et 4°C. Consommer avant la date indiquée sur l'emballage.</p>
<p><em>Poids variable — chaque pièce est unique. Prix calculé selon le poids exact à la livre.</em></p>","Les Élevages Lassonde","Viande Wagyu Halal","Halal, Wagyu, FAMBRAS, Québec, Coupes Ultra Premium, Grill, BBQ",TRUE,Poids,Au poids ($/lb),LASSONDE-T-BONE,0,shopify,0,deny,manual,77.46,,TRUE,TRUE,,,"T-Bone de Bœuf Wagyu Halal — Les Élevages Lassonde",FALSE,"T-Bone Wagyu Halal Québec | Les Élevages Lassonde","T-Bone de Bœuf Wagyu Halal certifié FAMBRAS des Élevages Lassonde. Filet et contre-filet en une pièce. Élevage québécois, livré sous vide.","Food, Beverages & Tobacco > Food Items > Meat",,,,Wagyu Halal Québec,new,TRUE,active
macreuse-wagyu-halal,"Macreuse de Bœuf Wagyu Halal","<p><strong>La macreuse Wagyu : une tendreté inattendue pour une coupe d'épaule d'exception.</strong></p>
<p>La Macreuse de Bœuf Wagyu Halal des Élevages Lassonde transforme cette coupe d'épaule en une expérience gastronomique. Le persillage Wagyu pénètre profondément ses fibres musculaires, la rendant étonnamment tendre à la cuisson lente ou en steak. Polyvalente et savoureuse.</p>
<h3>Caractéristiques</h3>
<ul>
<li>Bœuf Wagyu certifié Halal FAMBRAS</li>
<li>Élevage québécois — Les Élevages Lassonde</li>
<li>Persillage exceptionnel pour une tendreté incomparable</li>
<li>Coupe d'épaule au collagène naturel qui fond à la cuisson lente</li>
</ul>
<h3>Cuisson recommandée</h3>
<p>Idéale en braisé ou en cuisson lente à basse température (8h au mijoteuse). Peut aussi être coupée en steaks épais et grillée saignante. Dans les deux cas, le résultat est une viande fondante aux arômes complexes.</p>
<h3>Conservation</h3>
<p>Garder réfrigéré entre 0°C et 4°C. Consommer avant la date indiquée sur l'emballage.</p>
<p><em>Poids variable — chaque pièce est unique. Prix calculé selon le poids exact à la livre.</em></p>","Les Élevages Lassonde","Viande Wagyu Halal","Halal, Wagyu, FAMBRAS, Québec, Coupes Premium, Braisé, Mijoteuse",TRUE,Poids,Au poids ($/lb),LASSONDE-MACREUSE,0,shopify,0,deny,manual,74.59,,TRUE,TRUE,,,"Macreuse de Bœuf Wagyu Halal — Les Élevages Lassonde",FALSE,"Macreuse Wagyu Halal Québec | Les Élevages Lassonde","Macreuse de Bœuf Wagyu Halal certifié FAMBRAS, élevé au Québec. Tendre et savoureuse en braisé ou en steak. Commander en ligne.","Food, Beverages & Tobacco > Food Items > Meat",,,,Wagyu Halal Québec,new,TRUE,active
denver-wagyu-halal,"Denver de Bœuf Wagyu Halal","<p><strong>Le Denver : la révélation du grill, tendre et persillée à souhait.</strong></p>
<p>Le Denver de Bœuf Wagyu Halal des Élevages Lassonde est l'une des coupes les plus tendres issues de l'épaule. Relativement récente dans la nomenclature bouchère, elle séduit par son persillage généreux et sa saveur douce et beurrée. Un steak accessible qui rivalise avec les grandes coupes.</p>
<h3>Caractéristiques</h3>
<ul>
<li>Bœuf Wagyu certifié Halal FAMBRAS</li>
<li>Élevage québécois — Les Élevages Lassonde</li>
<li>Persillage exceptionnel pour une tendreté incomparable</li>
<li>Coupe de l'épaule sous-scapulaire — naturellement tendre et bien persillée</li>
</ul>
<h3>Cuisson recommandée</h3>
<p>Griller ou poêler à feu vif, 3-4 minutes par côté pour une cuisson rosée. Trancher en fines lamelles dans le sens contraire des fibres. Une touche de beurre aux herbes en fin de cuisson magnifie ses arômes naturels.</p>
<h3>Conservation</h3>
<p>Garder réfrigéré entre 0°C et 4°C. Consommer avant la date indiquée sur l'emballage.</p>
<p><em>Poids variable — chaque pièce est unique. Prix calculé selon le poids exact à la livre.</em></p>","Les Élevages Lassonde","Viande Wagyu Halal","Halal, Wagyu, FAMBRAS, Québec, Steaks et Grill, Grill, Poêle",TRUE,Poids,Au poids ($/lb),LASSONDE-DENVER,0,shopify,0,deny,manual,74.59,,TRUE,TRUE,,,"Denver de Bœuf Wagyu Halal — Les Élevages Lassonde",FALSE,"Denver Steak Wagyu Halal Québec | Les Élevages Lassonde","Denver de Bœuf Wagyu Halal certifié FAMBRAS des Élevages Lassonde. Tendre, persillé et savoureux. Élevage québécois, livré sous vide.","Food, Beverages & Tobacco > Food Items > Meat",,,,Wagyu Halal Québec,new,TRUE,active
steak-de-cote-wagyu-halal,"Steak de Côte de Bœuf Wagyu Halal","<p><strong>La côte de bœuf en steak : un concentré de saveur et de persillage Wagyu.</strong></p>
<p>Le Steak de Côte Wagyu Halal des Élevages Lassonde est taillé dans la côte, la partie la plus persillée du bœuf. Chaque pièce présente un marbrage spectaculaire qui fond à la cuisson, libérant des arômes de beurre et de noisette grillée. L'expérience Wagyu dans toute sa splendeur.</p>
<h3>Caractéristiques</h3>
<ul>
<li>Bœuf Wagyu certifié Halal FAMBRAS</li>
<li>Élevage québécois — Les Élevages Lassonde</li>
<li>Persillage exceptionnel pour une tendreté incomparable</li>
<li>Taillé dans la côte — partie la plus persillée du bœuf</li>
</ul>
<h3>Cuisson recommandée</h3>
<p>Cuire à la poêle en fonte très chaude ou sur grill au charbon. Saisir 3-4 minutes par côté, arroser du gras fondu en fin de cuisson. Servir saignant à rosé pour profiter pleinement du fondant Wagyu.</p>
<h3>Conservation</h3>
<p>Garder réfrigéré entre 0°C et 4°C. Consommer avant la date indiquée sur l'emballage.</p>
<p><em>Poids variable — chaque pièce est unique. Prix calculé selon le poids exact à la livre.</em></p>","Les Élevages Lassonde","Viande Wagyu Halal","Halal, Wagyu, FAMBRAS, Québec, Coupes Ultra Premium, Grill, Poêle",TRUE,Poids,Au poids ($/lb),LASSONDE-STEAK-DE-COTE,0,shopify,0,deny,manual,68.85,,TRUE,TRUE,,,"Steak de Côte de Bœuf Wagyu Halal — Les Élevages Lassonde",FALSE,"Steak de Côte Wagyu Halal Québec | Les Élevages Lassonde","Steak de Côte de Bœuf Wagyu Halal certifié FAMBRAS, élevé au Québec. Marbrage spectaculaire, saveur incomparable. Commander en ligne.","Food, Beverages & Tobacco > Food Items > Meat",,,,Wagyu Halal Québec,new,TRUE,active
araignee-wagyu-halal,"Araignée de Bœuf Wagyu Halal","<p><strong>L'Araignée : la coupe confidentielle aux multiples veines de gras fondant.</strong></p>
<p>L'Araignée de Bœuf Wagyu Halal des Élevages Lassonde tire son nom de son marbrage en toile d'araignée, caractéristique et unique. Cette petite coupe issue de la hanche est d'une tendreté extrême et d'une saveur profonde. Réservée aux curieux et aux gourmets éclairés.</p>
<h3>Caractéristiques</h3>
<ul>
<li>Bœuf Wagyu certifié Halal FAMBRAS</li>
<li>Élevage québécois — Les Élevages Lassonde</li>
<li>Persillage exceptionnel pour une tendreté incomparable</li>
<li>Coupe de la hanche au marbrage unique en toile d'araignée</li>
</ul>
<h3>Cuisson recommandée</h3>
<p>Saisir rapidement à la poêle très chaude, 1-2 minutes par côté maximum. Cette coupe fine se cuit exclusivement saignante pour en apprécier toute la tendreté. Assaisonner d'une fleur de sel et déguster immédiatement.</p>
<h3>Conservation</h3>
<p>Garder réfrigéré entre 0°C et 4°C. Consommer avant la date indiquée sur l'emballage.</p>
<p><em>Poids variable — chaque pièce est unique. Prix calculé selon le poids exact à la livre.</em></p>","Les Élevages Lassonde","Viande Wagyu Halal","Halal, Wagyu, FAMBRAS, Québec, Coupes Premium, Poêle, Grill",TRUE,Poids,Au poids ($/lb),LASSONDE-ARAIGNEE,0,shopify,0,deny,manual,57.38,,TRUE,TRUE,,,"Araignée de Bœuf Wagyu Halal — Les Élevages Lassonde",FALSE,"Araignée Wagyu Halal Québec | Les Élevages Lassonde","Araignée de Bœuf Wagyu Halal certifié FAMBRAS des Élevages Lassonde. Coupe rare au marbrage unique. Élevage québécois, livré sous vide.","Food, Beverages & Tobacco > Food Items > Meat",,,,Wagyu Halal Québec,new,TRUE,active
culotte-picanha-wagyu-halal,"Culotte (Picanha) de Bœuf Wagyu Halal","<p><strong>La reine du churrasco brésilien, réinterprétée en Wagyu Halal québécois.</strong></p>
<p>La Culotte (Picanha) Wagyu Halal des Élevages Lassonde est la coupe incontournable de la cuisine brésilienne, ici magnifiée par le persillage Wagyu. Son chapeau de gras protège la viande à la cuisson et lui confère une saveur unique et intense. Spectaculaire en brochette au feu de bois.</p>
<h3>Caractéristiques</h3>
<ul>
<li>Bœuf Wagyu certifié Halal FAMBRAS</li>
<li>Élevage québécois — Les Élevages Lassonde</li>
<li>Persillage exceptionnel pour une tendreté incomparable</li>
<li>Chapeau de gras naturel qui préserve le moelleux à la cuisson</li>
</ul>
<h3>Cuisson recommandée</h3>
<p>Idéale en churrasco : couper en tranches épaisses, rouler en fer à cheval et enfiler sur brochette avec le gras vers l'extérieur. Peut aussi être grillée entière, gras dessus, à 200°C pendant 25-30 minutes. Trancher contre le grain.</p>
<h3>Conservation</h3>
<p>Garder réfrigéré entre 0°C et 4°C. Consommer avant la date indiquée sur l'emballage.</p>
<p><em>Poids variable — chaque pièce est unique. Prix calculé selon le poids exact à la livre.</em></p>","Les Élevages Lassonde","Viande Wagyu Halal","Halal, Wagyu, FAMBRAS, Québec, Coupes Premium, Grill, BBQ, Churrasco",TRUE,Poids,Au poids ($/lb),LASSONDE-CULOTTE-PICANHA,0,shopify,0,deny,manual,54.51,,TRUE,TRUE,,,"Culotte (Picanha) de Bœuf Wagyu Halal — Les Élevages Lassonde",FALSE,"Picanha Wagyu Halal Québec | Les Élevages Lassonde","Culotte Picanha de Bœuf Wagyu Halal certifié FAMBRAS, élevé au Québec. La reine du BBQ brésilien en version Wagyu. Commander en ligne.","Food, Beverages & Tobacco > Food Items > Meat",,,,Wagyu Halal Québec,new,TRUE,active
faux-filet-palette-wagyu-halal,"Faux Filet Palette de Bœuf Wagyu Halal","<p><strong>Tendreté surprenante et saveur profonde : le faux-filet de l'épaule revisité.</strong></p>
<p>Le Faux Filet Palette de Bœuf Wagyu Halal des Élevages Lassonde est taillé dans la partie supérieure de l'épaule. Naturellement bien persillé grâce à la génétique Wagyu, il offre une tendreté et une jutosité remarquables pour une coupe avant. Excellent rapport qualité/prix dans la gamme.</p>
<h3>Caractéristiques</h3>
<ul>
<li>Bœuf Wagyu certifié Halal FAMBRAS</li>
<li>Élevage québécois — Les Élevages Lassonde</li>
<li>Persillage exceptionnel pour une tendreté incomparable</li>
<li>Coupe de l'épaule — plus accessible, sans compromis sur la saveur Wagyu</li>
</ul>
<h3>Cuisson recommandée</h3>
<p>Griller ou poêler à feu moyen-vif pour une cuisson rosée. Sa légère nervure centrale peut être retirée si désiré. Bien reposer avant de trancher pour redistribuer les jus et maximiser la tendreté.</p>
<h3>Conservation</h3>
<p>Garder réfrigéré entre 0°C et 4°C. Consommer avant la date indiquée sur l'emballage.</p>
<p><em>Poids variable — chaque pièce est unique. Prix calculé selon le poids exact à la livre.</em></p>","Les Élevages Lassonde","Viande Wagyu Halal","Halal, Wagyu, FAMBRAS, Québec, Steaks et Grill, Grill, Poêle",TRUE,Poids,Au poids ($/lb),LASSONDE-FAUX-FILET-PALETTE,0,shopify,0,deny,manual,51.64,,TRUE,TRUE,,,"Faux Filet Palette de Bœuf Wagyu Halal — Les Élevages Lassonde",FALSE,"Faux Filet Palette Wagyu Halal Québec | Les Élevages Lassonde","Faux Filet Palette de Bœuf Wagyu Halal certifié FAMBRAS des Élevages Lassonde. Saveur Wagyu à prix accessible. Élevage québécois.","Food, Beverages & Tobacco > Food Items > Meat",,,,Wagyu Halal Québec,new,TRUE,active
brisket-wagyu-halal,"Brisket de Bœuf Wagyu Halal","<p><strong>Le saint Graal du BBQ texan, sublimé par le persillage Wagyu des Élevages Lassonde.</strong></p>
<p>Le Brisket Wagyu Halal des Élevages Lassonde est la pièce culte des maîtres du fumoir. Taillé dans la poitrine, il nécessite une cuisson longue et lente qui transforme son collagène en gélatine fondante. Le persillage Wagyu l'enrichit d'une profondeur de goût incomparable. La récompense ultime de la patience.</p>
<h3>Caractéristiques</h3>
<ul>
<li>Bœuf Wagyu certifié Halal FAMBRAS</li>
<li>Élevage québécois — Les Élevages Lassonde</li>
<li>Persillage exceptionnel pour une tendreté incomparable</li>
<li>Coupe de poitrine riche en collagène — idéale pour le fumage longue durée</li>
</ul>
<h3>Cuisson recommandée</h3>
<p>Fumer à 110-120°C pendant 12-18 heures (bois de cerisier ou de hickory). Assaisonner d'un simple rub sel/poivre. Envelopper dans du papier boucher à 74°C interne et continuer jusqu'à 95-97°C. Laisser reposer 2 heures minimum dans une glacière.</p>
<h3>Conservation</h3>
<p>Garder réfrigéré entre 0°C et 4°C. Consommer avant la date indiquée sur l'emballage.</p>
<p><em>Poids variable — chaque pièce est unique. Prix calculé selon le poids exact à la livre.</em></p>","Les Élevages Lassonde","Viande Wagyu Halal","Halal, Wagyu, FAMBRAS, Québec, BBQ et Slow Cook, BBQ, Fumage",TRUE,Poids,Au poids ($/lb),LASSONDE-BRISKET,0,shopify,0,deny,manual,48.77,,TRUE,TRUE,,,"Brisket de Bœuf Wagyu Halal — Les Élevages Lassonde",FALSE,"Brisket Wagyu Halal Québec | Les Élevages Lassonde","Brisket de Bœuf Wagyu Halal certifié FAMBRAS, élevé au Québec. Le classique du BBQ texan en Wagyu. Livraison sous vide. Commander en ligne.","Food, Beverages & Tobacco > Food Items > Meat",,,,Wagyu Halal Québec,new,TRUE,active
brochettes-teriyaki-wagyu-halal,"Brochettes Teriyaki de Bœuf Wagyu Halal","<p><strong>L'alliance du Wagyu québécois et des saveurs umami du Japon : une fusion irrésistible.</strong></p>
<p>Les Brochettes Teriyaki de Bœuf Wagyu Halal des Élevages Lassonde marient la richesse du Wagyu québécois à la profondeur sucrée-salée de la marinade teriyaki maison. Chaque cube de viande est mariné pour absorber les arômes avant d'être grillé à la perfection. Un voyage gustatif entre le Québec et le Japon.</p>
<h3>Caractéristiques</h3>
<ul>
<li>Bœuf Wagyu certifié Halal FAMBRAS</li>
<li>Élevage québécois — Les Élevages Lassonde</li>
<li>Persillage exceptionnel pour une tendreté incomparable</li>
<li>Marinade teriyaki maison — sans additifs, préparée à la ferme</li>
</ul>
<h3>Cuisson recommandée</h3>
<p>Griller sur BBQ à feu moyen-vif, 2-3 minutes par côté en tournant régulièrement. Badigeonner de marinade supplémentaire en cours de cuisson pour une belle caramélisation. Servir avec du riz vapeur et des légumes grillés.</p>
<h3>Conservation</h3>
<p>Garder réfrigéré entre 0°C et 4°C. Consommer avant la date indiquée sur l'emballage.</p>
<p><em>Poids variable — chaque pièce est unique. Prix calculé selon le poids exact à la livre.</em></p>","Les Élevages Lassonde","Viande Wagyu Halal","Halal, Wagyu, FAMBRAS, Québec, Brochettes et Préparé, BBQ, Grill",TRUE,Poids,Au poids ($/lb),LASSONDE-BROCHETTES-TERIYAKI,0,shopify,0,deny,manual,45.90,,TRUE,TRUE,,,"Brochettes Teriyaki de Bœuf Wagyu Halal — Les Élevages Lassonde",FALSE,"Brochettes Teriyaki Wagyu Halal Québec | Les Élevages Lassonde","Brochettes Teriyaki de Bœuf Wagyu Halal certifié FAMBRAS, marinées à la ferme. Saveurs umami et Wagyu québécois. Commander en ligne.","Food, Beverages & Tobacco > Food Items > Meat",,,,Wagyu Halal Québec,new,TRUE,active
brochettes-erable-poivre-wagyu-halal,"Brochettes Érable/Poivre de Bœuf Wagyu Halal","<p><strong>Le terroir québécois à son meilleur : sirop d'érable et poivre sur Wagyu fondant.</strong></p>
<p>Les Brochettes Érable/Poivre de Bœuf Wagyu Halal des Élevages Lassonde célèbrent l'identité québécoise. La douceur du sirop d'érable pur et le piquant du poivre concassé créent un équilibre parfait avec la richesse naturelle du Wagyu. Une recette signature de la maison, inimitable.</p>
<h3>Caractéristiques</h3>
<ul>
<li>Bœuf Wagyu certifié Halal FAMBRAS</li>
<li>Élevage québécois — Les Élevages Lassonde</li>
<li>Persillage exceptionnel pour une tendreté incomparable</li>
<li>Marinade au sirop d'érable pur du Québec et poivre concassé</li>
</ul>
<h3>Cuisson recommandée</h3>
<p>Griller sur BBQ à feu moyen, 2-3 minutes par côté. Le sucre naturel de l'érable forme une belle croûte caramélisée sans brûler. Surveiller la cuisson de près et retourner fréquemment. Accompagner d'une purée ou de légumes rôtis.</p>
<h3>Conservation</h3>
<p>Garder réfrigéré entre 0°C et 4°C. Consommer avant la date indiquée sur l'emballage.</p>
<p><em>Poids variable — chaque pièce est unique. Prix calculé selon le poids exact à la livre.</em></p>","Les Élevages Lassonde","Viande Wagyu Halal","Halal, Wagyu, FAMBRAS, Québec, Brochettes et Préparé, BBQ, Grill",TRUE,Poids,Au poids ($/lb),LASSONDE-BROCHETTES-ERABLE-POIVRE,0,shopify,0,deny,manual,45.90,,TRUE,TRUE,,,"Brochettes Érable/Poivre de Bœuf Wagyu Halal — Les Élevages Lassonde",FALSE,"Brochettes Érable Poivre Wagyu Halal Québec | Les Élevages Lassonde","Brochettes Érable/Poivre de Bœuf Wagyu Halal, marinées au sirop d'érable pur. Recette signature des Élevages Lassonde. Commander en ligne.","Food, Beverages & Tobacco > Food Items > Meat",,,,Wagyu Halal Québec,new,TRUE,active
brochettes-whiskey-fume-wagyu-halal,"Brochettes Whiskey Fumé de Bœuf Wagyu Halal","<p><strong>Audacieux et sophistiqué : le whiskey fumé rencontre la richesse du Wagyu.</strong></p>
<p>Les Brochettes Whiskey Fumé de Bœuf Wagyu Halal des Élevages Lassonde s'adressent aux palais aventureux. La marinade au whiskey fumé pénètre les fibres du Wagyu et y dépose des notes boisées, tourbées et légèrement sucrées qui se révèlent magnifiquement à la flamme. Une création gastronomique audacieuse.</p>
<h3>Caractéristiques</h3>
<ul>
<li>Bœuf Wagyu certifié Halal FAMBRAS</li>
<li>Élevage québécois — Les Élevages Lassonde</li>
<li>Persillage exceptionnel pour une tendreté incomparable</li>
<li>Marinade au whiskey fumé — notes boisées et tourbées uniques</li>
</ul>
<h3>Cuisson recommandée</h3>
<p>Griller sur BBQ à feu vif, 2-3 minutes par côté pour une belle caramélisation et des notes fumées amplifiées. Les flammes du BBQ au charbon rehaussent les arômes du whiskey. Servir avec une sauce barbecue maison ou une crème au raifort.</p>
<h3>Conservation</h3>
<p>Garder réfrigéré entre 0°C et 4°C. Consommer avant la date indiquée sur l'emballage.</p>
<p><em>Poids variable — chaque pièce est unique. Prix calculé selon le poids exact à la livre.</em></p>","Les Élevages Lassonde","Viande Wagyu Halal","Halal, Wagyu, FAMBRAS, Québec, Brochettes et Préparé, BBQ, Fumage",TRUE,Poids,Au poids ($/lb),LASSONDE-BROCHETTES-WHISKEY-FUME,0,shopify,0,deny,manual,45.90,,TRUE,TRUE,,,"Brochettes Whiskey Fumé de Bœuf Wagyu Halal — Les Élevages Lassonde",FALSE,"Brochettes Whiskey Fumé Wagyu Halal Québec | Les Élevages Lassonde","Brochettes Whiskey Fumé de Bœuf Wagyu Halal, marinées à la ferme. Notes boisées et Wagyu québécois. Certifié FAMBRAS. Commander en ligne.","Food, Beverages & Tobacco > Food Items > Meat",,,,Wagyu Halal Québec,new,TRUE,active
surlonge-wagyu-halal,"Surlonge de Bœuf Wagyu Halal","<p><strong>La Surlonge Wagyu : un classique revisité avec une générosité de persillage incomparable.</strong></p>
<p>La Surlonge de Bœuf Wagyu Halal des Élevages Lassonde est la coupe familiale par excellence, ici élevée au rang de gastronomie. Son persillage Wagyu transforme ce steak accessible en une expérience de dégustation raffinée. Charnue, savoureuse et versatile, elle convient à toutes les occasions.</p>
<h3>Caractéristiques</h3>
<ul>
<li>Bœuf Wagyu certifié Halal FAMBRAS</li>
<li>Élevage québécois — Les Élevages Lassonde</li>
<li>Persillage exceptionnel pour une tendreté incomparable</li>
<li>Coupe de la surlonge — épaisse, généreuse et parfaite pour nourrir une tablée</li>
</ul>
<h3>Cuisson recommandée</h3>
<p>Poêler ou griller à feu moyen-vif, 4-5 minutes par côté pour une cuisson à point. La surlonge Wagyu tolère une cuisson légèrement plus longue sans perdre son moelleux grâce au persillage. Déglacer avec un peu de bouillon pour une sauce express.</p>
<h3>Conservation</h3>
<p>Garder réfrigéré entre 0°C et 4°C. Consommer avant la date indiquée sur l'emballage.</p>
<p><em>Poids variable — chaque pièce est unique. Prix calculé selon le poids exact à la livre.</em></p>","Les Élevages Lassonde","Viande Wagyu Halal","Halal, Wagyu, FAMBRAS, Québec, Steaks et Grill, Grill, Poêle",TRUE,Poids,Au poids ($/lb),LASSONDE-SURLONGE,0,shopify,0,deny,manual,43.03,,TRUE,TRUE,,,"Surlonge de Bœuf Wagyu Halal — Les Élevages Lassonde",FALSE,"Surlonge Wagyu Halal Québec | Les Élevages Lassonde","Surlonge de Bœuf Wagyu Halal certifié FAMBRAS, élevé au Québec. Le classique familial en version Wagyu. Livraison sous vide. Commander en ligne.","Food, Beverages & Tobacco > Food Items > Meat",,,,Wagyu Halal Québec,new,TRUE,active
tri-tip-wagyu-halal,"Tri-Tip de Bœuf Wagyu Halal","<p><strong>Le Tri-Tip : la coupe triangulaire californienne qui conquiert le Québec.</strong></p>
<p>Le Tri-Tip de Bœuf Wagyu Halal des Élevages Lassonde est une coupe triangulaire taillée dans la surlonge inférieure. Populaire dans la cuisine BBQ de Californie, sa structure musculaire unique concentre les saveurs et le persillage Wagyu le rend exceptionnellement tendre. Une coupe versatile au potentiel immense.</p>
<h3>Caractéristiques</h3>
<ul>
<li>Bœuf Wagyu certifié Halal FAMBRAS</li>
<li>Élevage québécois — Les Élevages Lassonde</li>
<li>Persillage exceptionnel pour une tendreté incomparable</li>
<li>Forme triangulaire unique — les fibres changent de direction au centre</li>
</ul>
<h3>Cuisson recommandée</h3>
<p>Griller à feu indirect à 150°C jusqu'à 52°C interne, puis saisir 2 minutes par côté à feu direct. Attention : les fibres changent de direction au milieu de la pièce, trancher en conséquence. Excellent en tranches fines pour des sandwichs de luxe.</p>
<h3>Conservation</h3>
<p>Garder réfrigéré entre 0°C et 4°C. Consommer avant la date indiquée sur l'emballage.</p>
<p><em>Poids variable — chaque pièce est unique. Prix calculé selon le poids exact à la livre.</em></p>","Les Élevages Lassonde","Viande Wagyu Halal","Halal, Wagyu, FAMBRAS, Québec, Steaks et Grill, BBQ, Grill",TRUE,Poids,Au poids ($/lb),LASSONDE-TRI-TIP,0,shopify,0,deny,manual,43.03,,TRUE,TRUE,,,"Tri-Tip de Bœuf Wagyu Halal — Les Élevages Lassonde",FALSE,"Tri-Tip Wagyu Halal Québec | Les Élevages Lassonde","Tri-Tip de Bœuf Wagyu Halal certifié FAMBRAS des Élevages Lassonde. Coupe californienne au persillage Wagyu. Élevage québécois, livré sous vide.","Food, Beverages & Tobacco > Food Items > Meat",,,,Wagyu Halal Québec,new,TRUE,active
baseball-wagyu-halal,"Baseball de Bœuf Wagyu Halal","<p><strong>Le Baseball : un médaillon épais de surlonge, tendre comme un filet mignon accessible.</strong></p>
<p>Le Baseball de Bœuf Wagyu Halal des Élevages Lassonde est un steak épais et rond taillé dans le centre de la surlonge supérieure. Sa forme compacte et son épaisseur permettent une cuisson précise avec un extérieur bien saisi et un cœur rosé parfait. Le persillage Wagyu garantit une expérience fondante à chaque bouchée.</p>
<h3>Caractéristiques</h3>
<ul>
<li>Bœuf Wagyu certifié Halal FAMBRAS</li>
<li>Élevage québécois — Les Élevages Lassonde</li>
<li>Persillage exceptionnel pour une tendreté incomparable</li>
<li>Steak épais et rond — cuisson précise et présentation élégante</li>
</ul>
<h3>Cuisson recommandée</h3>
<p>Saisir à la poêle en fonte 3 minutes par côté puis enfourner à 180°C pendant 5-7 minutes pour une cuisson à cœur rosé. La forme sphérique retient parfaitement la chaleur. Arroser de beurre et thym pendant la cuisson au four.</p>
<h3>Conservation</h3>
<p>Garder réfrigéré entre 0°C et 4°C. Consommer avant la date indiquée sur l'emballage.</p>
<p><em>Poids variable — chaque pièce est unique. Prix calculé selon le poids exact à la livre.</em></p>","Les Élevages Lassonde","Viande Wagyu Halal","Halal, Wagyu, FAMBRAS, Québec, Steaks et Grill, Poêle, Four",TRUE,Poids,Au poids ($/lb),LASSONDE-BASEBALL,0,shopify,0,deny,manual,40.16,,TRUE,TRUE,,,"Baseball de Bœuf Wagyu Halal — Les Élevages Lassonde",FALSE,"Baseball Steak Wagyu Halal Québec | Les Élevages Lassonde","Baseball de Bœuf Wagyu Halal certifié FAMBRAS, élevé au Québec. Steak épais et tendre de surlonge. Livraison sous vide. Commander en ligne.","Food, Beverages & Tobacco > Food Items > Meat",,,,Wagyu Halal Québec,new,TRUE,active
flanc-wagyu-halal,"Flanc de Bœuf Wagyu Halal","<p><strong>Le Flanc : des fibres longues, une saveur intense et un persillage Wagyu qui change tout.</strong></p>
<p>Le Flanc de Bœuf Wagyu Halal des Élevages Lassonde est une coupe fine à fibres longues issue de l'abdomen. Traditionnellement utilisé en lanières pour les fajitas ou le steak, le persillage Wagyu lui confère une tendreté et une jutosité qui surprennent. Idéal pour des préparations asiatiques, mexicaines ou en simple grillade.</p>
<h3>Caractéristiques</h3>
<ul>
<li>Bœuf Wagyu certifié Halal FAMBRAS</li>
<li>Élevage québécois — Les Élevages Lassonde</li>
<li>Persillage exceptionnel pour une tendreté incomparable</li>
<li>Coupe abdominale à fibres longues — parfaite pour les marinades</li>
</ul>
<h3>Cuisson recommandée</h3>
<p>Griller à feu très vif, 2-3 minutes par côté, exclusivement saignant. Laisser reposer 5 minutes et trancher perpendiculairement aux fibres en fines lamelles. Une marinade légère à la sauce soya et au gingembre sublime cette coupe.</p>
<h3>Conservation</h3>
<p>Garder réfrigéré entre 0°C et 4°C. Consommer avant la date indiquée sur l'emballage.</p>
<p><em>Poids variable — chaque pièce est unique. Prix calculé selon le poids exact à la livre.</em></p>","Les Élevages Lassonde","Viande Wagyu Halal","Halal, Wagyu, FAMBRAS, Québec, Steaks et Grill, Grill, Marinade",TRUE,Poids,Au poids ($/lb),LASSONDE-FLANC,0,shopify,0,deny,manual,40.16,,TRUE,TRUE,,,"Flanc de Bœuf Wagyu Halal — Les Élevages Lassonde",FALSE,"Flanc Wagyu Halal Québec | Les Élevages Lassonde","Flanc de Bœuf Wagyu Halal certifié FAMBRAS des Élevages Lassonde. Saveur intense, fibres longues, parfait mariné. Élevage québécois.","Food, Beverages & Tobacco > Food Items > Meat",,,,Wagyu Halal Québec,new,TRUE,active
francais-wagyu-halal,"Français de Bœuf Wagyu Halal","<p><strong>Le Français Wagyu : une coupe raffinée aux os French trimmed pour une présentation impeccable.</strong></p>
<p>Le Français de Bœuf Wagyu Halal des Élevages Lassonde est une coupe à os préparée à la française, avec les os soigneusement parés pour une présentation élégante et des os propres. Le persillage Wagyu enveloppe la viande d'une richesse fondante. Parfait pour impressionner vos convives.</p>
<h3>Caractéristiques</h3>
<ul>
<li>Bœuf Wagyu certifié Halal FAMBRAS</li>
<li>Élevage québécois — Les Élevages Lassonde</li>
<li>Persillage exceptionnel pour une tendreté incomparable</li>
<li>Préparation French trimmed — os parés pour une présentation raffinée</li>
</ul>
<h3>Cuisson recommandée</h3>
<p>Rôtir au four à 220°C pendant 15-20 minutes pour une cuisson rosée. Saisir d'abord à la poêle pour une belle croûte dorée. Protéger les os avec du papier aluminium pour éviter qu'ils noircissent. Déglacer les sucs pour une sauce express.</p>
<h3>Conservation</h3>
<p>Garder réfrigéré entre 0°C et 4°C. Consommer avant la date indiquée sur l'emballage.</p>
<p><em>Poids variable — chaque pièce est unique. Prix calculé selon le poids exact à la livre.</em></p>","Les Élevages Lassonde","Viande Wagyu Halal","Halal, Wagyu, FAMBRAS, Québec, Steaks et Grill, Four, Poêle",TRUE,Poids,Au poids ($/lb),LASSONDE-FRANCAIS,0,shopify,0,deny,manual,40.16,,TRUE,TRUE,,,"Français de Bœuf Wagyu Halal — Les Élevages Lassonde",FALSE,"Français Wagyu Halal Québec | Les Élevages Lassonde","Français de Bœuf Wagyu Halal certifié FAMBRAS, préparation French trimmed. Présentation raffinée, persillage Wagyu. Élevage québécois.","Food, Beverages & Tobacco > Food Items > Meat",,,,Wagyu Halal Québec,new,TRUE,active
bacon-boeuf-wagyu-halal,"Bacon Bœuf Wagyu Halal","<p><strong>Le bacon revisité : la poitrine de Wagyu fumée qui réinvente le petit-déjeuner.</strong></p>
<p>Le Bacon de Bœuf Wagyu Halal des Élevages Lassonde est une alternative halal exceptionnelle au bacon traditionnel. Tranché fin dans la poitrine de Wagyu, il présente un marbrage inégalé qui fond et croustille à la perfection. Une explosion de saveur umami et de richesse bovine dans chaque tranche.</p>
<h3>Caractéristiques</h3>
<ul>
<li>Bœuf Wagyu certifié Halal FAMBRAS</li>
<li>Élevage québécois — Les Élevages Lassonde</li>
<li>Persillage exceptionnel pour une tendreté incomparable</li>
<li>Alternative halal au bacon — tranché fin dans la poitrine de Wagyu</li>
</ul>
<h3>Cuisson recommandée</h3>
<p>Cuire à la poêle à feu moyen, sans matière grasse ajoutée. Le gras naturel du Wagyu suffit amplement. Cuire 2-3 minutes par côté jusqu'à la texture désirée, croustillant ou moelleux. Idéal aussi dans les burgers, les wraps ou les salades chaudes.</p>
<h3>Conservation</h3>
<p>Garder réfrigéré entre 0°C et 4°C. Consommer avant la date indiquée sur l'emballage.</p>
<p><em>Poids variable — chaque pièce est unique. Prix calculé selon le poids exact à la livre.</em></p>","Les Élevages Lassonde","Viande Wagyu Halal","Halal, Wagyu, FAMBRAS, Québec, Coupes Accessibles, Poêle, Petit-déjeuner",TRUE,Poids,Au poids ($/lb),LASSONDE-BACON-BOEUF,0,shopify,0,deny,manual,40.16,,TRUE,TRUE,,,"Bacon Bœuf Wagyu Halal — Les Élevages Lassonde",FALSE,"Bacon Bœuf Wagyu Halal Québec | Les Élevages Lassonde","Bacon de Bœuf Wagyu Halal certifié FAMBRAS des Élevages Lassonde. Alternative halal au bacon, marbrage exceptionnel. Élevage québécois.","Food, Beverages & Tobacco > Food Items > Meat",,,,Wagyu Halal Québec,new,TRUE,active
roti-francais-wagyu-halal,"Rôti Français de Bœuf Wagyu Halal","<p><strong>Un rôti d'exception pour les repas dominicaux qui marquent les mémoires.</strong></p>
<p>Le Rôti Français de Bœuf Wagyu Halal des Élevages Lassonde transforme le traditionnel repas du dimanche en un festin gastronomique. Préparé à la française avec les os soigneusement parés, il bénéficie du persillage Wagyu pour une viande fondante qui se détache à la fourchette après cuisson lente.</p>
<h3>Caractéristiques</h3>
<ul>
<li>Bœuf Wagyu certifié Halal FAMBRAS</li>
<li>Élevage québécois — Les Élevages Lassonde</li>
<li>Persillage exceptionnel pour une tendreté incomparable</li>
<li>Préparation rôti à la française — os parés, ficelle de boucher si applicable</li>
</ul>
<h3>Cuisson recommandée</h3>
<p>Saisir à feu vif dans une cocotte, puis rôtir à 160°C pendant 1h30-2h selon le poids. Arroser toutes les 20 minutes. Le Wagyu permet une cuisson à plus basse température qui préserve le fondant. Déglacer avec du vin rouge pour une sauce riche.</p>
<h3>Conservation</h3>
<p>Garder réfrigéré entre 0°C et 4°C. Consommer avant la date indiquée sur l'emballage.</p>
<p><em>Poids variable — chaque pièce est unique. Prix calculé selon le poids exact à la livre.</em></p>","Les Élevages Lassonde","Viande Wagyu Halal","Halal, Wagyu, FAMBRAS, Québec, Rôtis, Four, Braisé",TRUE,Poids,Au poids ($/lb),LASSONDE-ROTI-FRANCAIS,0,shopify,0,deny,manual,34.42,,TRUE,TRUE,,,"Rôti Français de Bœuf Wagyu Halal — Les Élevages Lassonde",FALSE,"Rôti Français Wagyu Halal Québec | Les Élevages Lassonde","Rôti Français de Bœuf Wagyu Halal certifié FAMBRAS, élevé au Québec. Repas dominical d'exception au persillage Wagyu. Commander en ligne.","Food, Beverages & Tobacco > Food Items > Meat",,,,Wagyu Halal Québec,new,TRUE,active
brochettes-nature-wagyu-halal,"Brochettes de Bœuf Wagyu Halal (nature)","<p><strong>La pureté du Wagyu en brochette : laissez parler le bœuf, rien d'autre.</strong></p>
<p>Les Brochettes Nature de Bœuf Wagyu Halal des Élevages Lassonde sont taillées dans les meilleures parties pour vous offrir toute la richesse naturelle du Wagyu sans artifice. Chaque cube est généreux et bien persillé, prêt à être assaisonné selon votre inspiration du moment. La toile blanche du chef BBQ.</p>
<h3>Caractéristiques</h3>
<ul>
<li>Bœuf Wagyu certifié Halal FAMBRAS</li>
<li>Élevage québécois — Les Élevages Lassonde</li>
<li>Persillage exceptionnel pour une tendreté incomparable</li>
<li>Cubes généreux non marinés — liberté totale d'assaisonnement</li>
</ul>
<h3>Cuisson recommandée</h3>
<p>Assaisonner simplement de sel, poivre et huile d'olive. Griller sur BBQ à feu moyen-vif, 2-3 minutes par côté en retournant régulièrement. Le Wagyu se suffit à lui-même : une simple fleur de sel en finition révèle toute la complexité naturelle de la viande.</p>
<h3>Conservation</h3>
<p>Garder réfrigéré entre 0°C et 4°C. Consommer avant la date indiquée sur l'emballage.</p>
<p><em>Poids variable — chaque pièce est unique. Prix calculé selon le poids exact à la livre.</em></p>","Les Élevages Lassonde","Viande Wagyu Halal","Halal, Wagyu, FAMBRAS, Québec, Brochettes et Préparé, BBQ, Grill",TRUE,Poids,Au poids ($/lb),LASSONDE-BROCHETTES-NATURE,0,shopify,0,deny,manual,34.42,,TRUE,TRUE,,,"Brochettes de Bœuf Wagyu Halal (nature) — Les Élevages Lassonde",FALSE,"Brochettes Wagyu Halal Québec | Les Élevages Lassonde","Brochettes Nature de Bœuf Wagyu Halal certifié FAMBRAS, élevé au Québec. Cubes généreux non marinés. Livraison sous vide. Commander en ligne.","Food, Beverages & Tobacco > Food Items > Meat",,,,Wagyu Halal Québec,new,TRUE,active
joue-wagyu-halal,"Joue de Bœuf Wagyu Halal","<p><strong>La joue de bœuf Wagyu : la star des plats mijotés gastronomiques.</strong></p>
<p>La Joue de Bœuf Wagyu Halal des Élevages Lassonde est un muscle à cuisson lente par excellence. Riche en collagène et traversée du persillage Wagyu, elle se transforme à la cuisson en un mets d'une tendreté absolue, fondante comme du beurre. Incontournable dans les grandes cuisines bistrot et gastronomiques.</p>
<h3>Caractéristiques</h3>
<ul>
<li>Bœuf Wagyu certifié Halal FAMBRAS</li>
<li>Élevage québécois — Les Élevages Lassonde</li>
<li>Persillage exceptionnel pour une tendreté incomparable</li>
<li>Riche en collagène — se transforme en gélatine pour un fond de sauce incomparable</li>
</ul>
<h3>Cuisson recommandée</h3>
<p>Braiser dans un fond de vin rouge pendant 4-5 heures à 150°C. La joue de Wagyu est prête quand elle se défait à la simple pression d'une cuillère. Servir avec une purée truffée ou des gnocchis pour un résultat restaurant gastronomique.</p>
<h3>Conservation</h3>
<p>Garder réfrigéré entre 0°C et 4°C. Consommer avant la date indiquée sur l'emballage.</p>
<p><em>Poids variable — chaque pièce est unique. Prix calculé selon le poids exact à la livre.</em></p>","Les Élevages Lassonde","Viande Wagyu Halal","Halal, Wagyu, FAMBRAS, Québec, Abats et Spécialités, Braisé, Mijoteuse",TRUE,Poids,Au poids ($/lb),LASSONDE-JOUE,0,shopify,0,deny,manual,34.42,,TRUE,TRUE,,,"Joue de Bœuf Wagyu Halal — Les Élevages Lassonde",FALSE,"Joue de Bœuf Wagyu Halal Québec | Les Élevages Lassonde","Joue de Bœuf Wagyu Halal certifié FAMBRAS des Élevages Lassonde. Fondante en braisé, idéale pour la gastronomie. Élevage québécois.","Food, Beverages & Tobacco > Food Items > Meat",,,,Wagyu Halal Québec,new,TRUE,active
cote-coreenne-wagyu-halal,"Côte Coréenne de Bœuf Wagyu Halal","<p><strong>Le galbi Wagyu : l'âme de la cuisine coréenne avec le meilleur bœuf québécois.</strong></p>
<p>La Côte Coréenne de Bœuf Wagyu Halal des Élevages Lassonde est taillée en flanken style — des tranches fines coupées perpendiculairement aux os — pour reproduire le traditionnel galbi coréen. Le persillage Wagyu s'infiltre dans chaque section pour une saveur intense et une texture inimitables.</p>
<h3>Caractéristiques</h3>
<ul>
<li>Bœuf Wagyu certifié Halal FAMBRAS</li>
<li>Élevage québécois — Les Élevages Lassonde</li>
<li>Persillage exceptionnel pour une tendreté incomparable</li>
<li>Coupe flanken style — tranches perpendiculaires aux os pour la cuisine coréenne</li>
</ul>
<h3>Cuisson recommandée</h3>
<p>Mariner dans un mélange de sauce soya, poire asiatique, sésame et ail pendant 4-12 heures. Griller sur table de cuisson coréenne ou BBQ à feu vif, 1-2 minutes par côté. La fine épaisseur permet une caramélisation rapide et une cuisson uniforme.</p>
<h3>Conservation</h3>
<p>Garder réfrigéré entre 0°C et 4°C. Consommer avant la date indiquée sur l'emballage.</p>
<p><em>Poids variable — chaque pièce est unique. Prix calculé selon le poids exact à la livre.</em></p>","Les Élevages Lassonde","Viande Wagyu Halal","Halal, Wagyu, FAMBRAS, Québec, BBQ et Slow Cook, BBQ, Grill, Coréen",TRUE,Poids,Au poids ($/lb),LASSONDE-COTE-COREENNE,0,shopify,0,deny,manual,34.42,,TRUE,TRUE,,,"Côte Coréenne de Bœuf Wagyu Halal — Les Élevages Lassonde",FALSE,"Côte Coréenne Wagyu Halal Québec | Les Élevages Lassonde","Côte Coréenne de Bœuf Wagyu Halal certifié FAMBRAS, taillée galbi style. Saveurs coréennes et Wagyu québécois. Commander en ligne.","Food, Beverages & Tobacco > Food Items > Meat",,,,Wagyu Halal Québec,new,TRUE,active
burger-wagyu-halal,"Burger de Bœuf Wagyu Halal","<p><strong>Le burger ultime : un steak haché Wagyu qui transforme chaque repas en événement.</strong></p>
<p>Le Burger de Bœuf Wagyu Halal des Élevages Lassonde est formé à partir du meilleur bœuf Wagyu haché, façonné en galette épaisse et généreuse. La fonte du gras intramusculaire pendant la cuisson crée une jutosité incomparable que vous n'oublierez pas. Le hamburger sera plus jamais ordinaire.</p>
<h3>Caractéristiques</h3>
<ul>
<li>Bœuf Wagyu certifié Halal FAMBRAS</li>
<li>Élevage québécois — Les Élevages Lassonde</li>
<li>Persillage exceptionnel pour une tendreté incomparable</li>
<li>Galette épaisse 100% Wagyu — jutosité et saveur inégalées</li>
</ul>
<h3>Cuisson recommandée</h3>
<p>Cuire à la poêle en fonte ou sur grill à feu moyen-vif, 3-4 minutes par côté pour une cuisson à point. Ne pas écraser la galette pendant la cuisson pour conserver les précieux jus. Assaisonner de sel et poivre uniquement, la richesse du Wagyu fait le reste.</p>
<h3>Conservation</h3>
<p>Garder réfrigéré entre 0°C et 4°C. Consommer avant la date indiquée sur l'emballage.</p>
<p><em>Poids variable — chaque pièce est unique. Prix calculé selon le poids exact à la livre.</em></p>","Les Élevages Lassonde","Viande Wagyu Halal","Halal, Wagyu, FAMBRAS, Québec, Brochettes et Préparé, Burger, Haché, Grill",TRUE,Poids,Au poids ($/lb),LASSONDE-BURGER,0,shopify,0,deny,manual,24.67,,TRUE,TRUE,,,"Burger de Bœuf Wagyu Halal — Les Élevages Lassonde",FALSE,"Burger Wagyu Halal Québec | Les Élevages Lassonde","Burger de Bœuf Wagyu Halal certifié FAMBRAS, élevé au Québec. Galette Wagyu juteuse et fondante. Livraison sous vide. Commander en ligne.","Food, Beverages & Tobacco > Food Items > Meat",,,,Wagyu Halal Québec,new,TRUE,active
tournedos-wagyu-halal,"Tournedos de Bœuf Wagyu Halal","<p><strong>Le tournedos Wagyu : l'élégance du filet en portion individuelle parfaite.</strong></p>
<p>Les Tournedos de Bœuf Wagyu Halal des Élevages Lassonde sont des médaillons de filet soigneusement parés et ficellés pour conserver leur forme ronde et leur épaisseur uniforme. Leur persillage Wagyu leur confère une tendreté et une jutosité dignes des meilleures tables. Idéal pour un dîner romantique ou une occasion spéciale.</p>
<h3>Caractéristiques</h3>
<ul>
<li>Bœuf Wagyu certifié Halal FAMBRAS</li>
<li>Élevage québécois — Les Élevages Lassonde</li>
<li>Persillage exceptionnel pour une tendreté incomparable</li>
<li>Médaillons ficellés — portion individuelle, cuisson uniforme garantie</li>
</ul>
<h3>Cuisson recommandée</h3>
<p>Poêler dans du beurre clarifié à feu vif, 2 minutes par côté pour une cuisson saignante. Terminer au four à 180°C pendant 3-4 minutes si une cuisson plus avancée est souhaitée. Flamber au cognac halal ou déglacer au porto pour une sauce classique.</p>
<h3>Conservation</h3>
<p>Garder réfrigéré entre 0°C et 4°C. Consommer avant la date indiquée sur l'emballage.</p>
<p><em>Poids variable — chaque pièce est unique. Prix calculé selon le poids exact à la livre.</em></p>","Les Élevages Lassonde","Viande Wagyu Halal","Halal, Wagyu, FAMBRAS, Québec, BBQ et Slow Cook, Poêle, Four",TRUE,Poids,Au poids ($/lb),LASSONDE-TOURNEDOS,0,shopify,0,deny,manual,22.95,,TRUE,TRUE,,,"Tournedos de Bœuf Wagyu Halal — Les Élevages Lassonde",FALSE,"Tournedos Wagyu Halal Québec | Les Élevages Lassonde","Tournedos de Bœuf Wagyu Halal certifié FAMBRAS des Élevages Lassonde. Médaillons ficellés, tendreté incomparable. Élevage québécois.","Food, Beverages & Tobacco > Food Items > Meat",,,,Wagyu Halal Québec,new,TRUE,active
mi-soter-wagyu-halal,"Mi Soter de Bœuf Wagyu Halal","<p><strong>Le Mi Soter : une coupe de caractère accessible pour découvrir le Wagyu au quotidien.</strong></p>
<p>Le Mi Soter de Bœuf Wagyu Halal des Élevages Lassonde est une coupe versatile issue de la région de l'épaule, idéale pour ceux qui souhaitent intégrer le Wagyu dans leur cuisine de tous les jours. Son persillage naturel lui confère une saveur bien au-dessus de son positionnement prix. Un rapport qualité-plaisir imbattable.</p>
<h3>Caractéristiques</h3>
<ul>
<li>Bœuf Wagyu certifié Halal FAMBRAS</li>
<li>Élevage québécois — Les Élevages Lassonde</li>
<li>Persillage exceptionnel pour une tendreté incomparable</li>
<li>Coupe accessible et polyvalente — parfaite pour le quotidien gastronomique</li>
</ul>
<h3>Cuisson recommandée</h3>
<p>Excellent en cuisson lente au mijoteuse ou braisé pour des plats en sauce réconfortants. Peut également être tranché en steaks fins et grillé rapidement. Sa polyvalence en fait un incontournable du congélateur familial.</p>
<h3>Conservation</h3>
<p>Garder réfrigéré entre 0°C et 4°C. Consommer avant la date indiquée sur l'emballage.</p>
<p><em>Poids variable — chaque pièce est unique. Prix calculé selon le poids exact à la livre.</em></p>","Les Élevages Lassonde","Viande Wagyu Halal","Halal, Wagyu, FAMBRAS, Québec, Coupes Accessibles, Mijoteuse, Braisé",TRUE,Poids,Au poids ($/lb),LASSONDE-MI-SOTER,0,shopify,0,deny,manual,20.65,,TRUE,TRUE,,,"Mi Soter de Bœuf Wagyu Halal — Les Élevages Lassonde",FALSE,"Mi Soter Wagyu Halal Québec | Les Élevages Lassonde","Mi Soter de Bœuf Wagyu Halal certifié FAMBRAS, élevé au Québec. Coupe accessible au persillage Wagyu. Livraison sous vide. Commander en ligne.","Food, Beverages & Tobacco > Food Items > Meat",,,,Wagyu Halal Québec,new,TRUE,active
cote-levees-wagyu-halal,"Côte Levées de Bœuf Wagyu Halal","<p><strong>Les Côtes Levées Wagyu : le plaisir coupable du BBQ haussé au rang d'art.</strong></p>
<p>Les Côtes Levées de Bœuf Wagyu Halal des Élevages Lassonde réinventent l'expérience BBQ. Le persillage Wagyu s'infiltre entre les os et les fibres pour créer une viande qui se détache avec grâce après une cuisson lente. Chaque côte est une invitation à manger avec les doigts, sans retenue.</p>
<h3>Caractéristiques</h3>
<ul>
<li>Bœuf Wagyu certifié Halal FAMBRAS</li>
<li>Élevage québécois — Les Élevages Lassonde</li>
<li>Persillage exceptionnel pour une tendreté incomparable</li>
<li>Os riches en moelle — saveur profonde et fond de sauce incomparable</li>
</ul>
<h3>Cuisson recommandée</h3>
<p>Méthode 3-2-1 au fumoir : 3h à 110°C découverts, 2h enveloppés dans le papier boucher avec beurre et miel, 1h découverts pour laquer. Ou braiser au four 3h à 150°C dans un fond de bouillon. La viande doit se détacher aisément de l'os.</p>
<h3>Conservation</h3>
<p>Garder réfrigéré entre 0°C et 4°C. Consommer avant la date indiquée sur l'emballage.</p>
<p><em>Poids variable — chaque pièce est unique. Prix calculé selon le poids exact à la livre.</em></p>","Les Élevages Lassonde","Viande Wagyu Halal","Halal, Wagyu, FAMBRAS, Québec, BBQ et Slow Cook, BBQ, Fumage",TRUE,Poids,Au poids ($/lb),LASSONDE-COTE-LEVEES,0,shopify,0,deny,manual,20.07,,TRUE,TRUE,,,"Côte Levées de Bœuf Wagyu Halal — Les Élevages Lassonde",FALSE,"Côte Levées Wagyu Halal Québec | Les Élevages Lassonde","Côtes Levées de Bœuf Wagyu Halal certifié FAMBRAS des Élevages Lassonde. BBQ fondant, viande qui se détache de l'os. Élevage québécois.","Food, Beverages & Tobacco > Food Items > Meat",,,,Wagyu Halal Québec,new,TRUE,active
hache-wagyu-halal,"Haché de Bœuf Wagyu Halal","<p><strong>Le haché Wagyu : la viande hachée qui élève chaque recette au niveau supérieur.</strong></p>
<p>Le Haché de Bœuf Wagyu Halal des Élevages Lassonde est broyé à partir de sélections de bœuf Wagyu pour conserver un ratio gras/maigre optimal. Il apporte une richesse et une profondeur de goût inégalées à toutes vos recettes : bolognaise, shepherd's pie, kebbeh ou tartare. La polyvalence du Wagyu démocratisée.</p>
<h3>Caractéristiques</h3>
<ul>
<li>Bœuf Wagyu certifié Halal FAMBRAS</li>
<li>Élevage québécois — Les Élevages Lassonde</li>
<li>Persillage exceptionnel pour une tendreté incomparable</li>
<li>Ratio gras/maigre optimal — juteux et savoureux dans toutes les préparations</li>
</ul>
<h3>Cuisson recommandée</h3>
<p>Polyvalent à l'infini : poêler en galette de burger, incorporer dans une sauce bolognaise, façonner en boulettes ou en kefta. La richesse naturelle du Wagyu évite d'ajouter de la matière grasse dans la poêle. Ne pas trop manipuler pour préserver la texture.</p>
<h3>Conservation</h3>
<p>Garder réfrigéré entre 0°C et 4°C. Consommer avant la date indiquée sur l'emballage.</p>
<p><em>Poids variable — chaque pièce est unique. Prix calculé selon le poids exact à la livre.</em></p>","Les Élevages Lassonde","Viande Wagyu Halal","Halal, Wagyu, FAMBRAS, Québec, Brochettes et Préparé, Burger, Haché",TRUE,Poids,Au poids ($/lb),LASSONDE-HACHE,0,shopify,0,deny,manual,19.50,,TRUE,TRUE,,,"Haché de Bœuf Wagyu Halal — Les Élevages Lassonde",FALSE,"Haché Wagyu Halal Québec | Les Élevages Lassonde","Haché de Bœuf Wagyu Halal certifié FAMBRAS, élevé au Québec. Ratio optimal, saveur Wagyu dans toutes vos recettes. Commander en ligne.","Food, Beverages & Tobacco > Food Items > Meat",,,,Wagyu Halal Québec,new,TRUE,active
osso-buco-wagyu-halal,"Osso Buco de Bœuf Wagyu Halal","<p><strong>L'Osso Buco Wagyu : la tradition italienne sublimée par la richesse du Wagyu québécois.</strong></p>
<p>L'Osso Buco de Bœuf Wagyu Halal des Élevages Lassonde est taillé dans le jarret, avec l'os et sa précieuse moelle centrale. Le collagène et le persillage Wagyu se fondent à la cuisson lente pour créer un plat d'une profondeur aromatique incomparable. La moelle à l'intérieur de l'os est un trésor à déguster à la petite cuillère.</p>
<h3>Caractéristiques</h3>
<ul>
<li>Bœuf Wagyu certifié Halal FAMBRAS</li>
<li>Élevage québécois — Les Élevages Lassonde</li>
<li>Persillage exceptionnel pour une tendreté incomparable</li>
<li>Os central avec moelle — saveur incomparable et fond de sauce naturel</li>
</ul>
<h3>Cuisson recommandée</h3>
<p>Braiser dans une cocotte avec tomates, vin blanc, oignons, carottes et bouquet garni pendant 2h30 à 160°C. La viande doit se séparer de l'os sans effort. Servir avec un risotto à la milanaise ou une polenta crémeuse et une gremolata fraîche.</p>
<h3>Conservation</h3>
<p>Garder réfrigéré entre 0°C et 4°C. Consommer avant la date indiquée sur l'emballage.</p>
<p><em>Poids variable — chaque pièce est unique. Prix calculé selon le poids exact à la livre.</em></p>","Les Élevages Lassonde","Viande Wagyu Halal","Halal, Wagyu, FAMBRAS, Québec, BBQ et Slow Cook, Braisé, Mijoteuse",TRUE,Poids,Au poids ($/lb),LASSONDE-OSSO-BUCO,0,shopify,0,deny,manual,17.21,,TRUE,TRUE,,,"Osso Buco de Bœuf Wagyu Halal — Les Élevages Lassonde",FALSE,"Osso Buco Wagyu Halal Québec | Les Élevages Lassonde","Osso Buco de Bœuf Wagyu Halal certifié FAMBRAS des Élevages Lassonde. Jarret avec moelle, braisé fondant. Élevage québécois.","Food, Beverages & Tobacco > Food Items > Meat",,,,Wagyu Halal Québec,new,TRUE,active
palette-avec-os-wagyu-halal,"Palette avec Os de Bœuf Wagyu Halal","<p><strong>La palette avec os : la générosité de l'épaule Wagyu pour des plats qui réchauffent l'âme.</strong></p>
<p>La Palette avec Os de Bœuf Wagyu Halal des Élevages Lassonde est un rôti d'épaule massif et expressif. L'os central libère ses sucs et enrichit la viande pendant la cuisson, pendant que le persillage Wagyu fond progressivement pour imprégner chaque fibre d'une richesse incomparable. La définition du comfort food gastronomique.</p>
<h3>Caractéristiques</h3>
<ul>
<li>Bœuf Wagyu certifié Halal FAMBRAS</li>
<li>Élevage québécois — Les Élevages Lassonde</li>
<li>Persillage exceptionnel pour une tendreté incomparable</li>
<li>Os central inclus — fond de sauce naturel et saveur enrichie à la cuisson</li>
</ul>
<h3>Cuisson recommandée</h3>
<p>Rôtir au four à 150°C pendant 3-4 heures, arrosé toutes les 30 minutes. Pour un résultat effiloché, cuire en cocotte avec bouillon de légumes 6-8 heures à très basse température. Le collagène transforme les jus en une sauce naturellement liée et veloutée.</p>
<h3>Conservation</h3>
<p>Garder réfrigéré entre 0°C et 4°C. Consommer avant la date indiquée sur l'emballage.</p>
<p><em>Poids variable — chaque pièce est unique. Prix calculé selon le poids exact à la livre.</em></p>","Les Élevages Lassonde","Viande Wagyu Halal","Halal, Wagyu, FAMBRAS, Québec, Rôtis, Four, Braisé",TRUE,Poids,Au poids ($/lb),LASSONDE-PALETTE-AVEC-OS,0,shopify,0,deny,manual,17.21,,TRUE,TRUE,,,"Palette avec Os de Bœuf Wagyu Halal — Les Élevages Lassonde",FALSE,"Palette avec Os Wagyu Halal Québec | Les Élevages Lassonde","Palette avec Os de Bœuf Wagyu Halal certifié FAMBRAS, élevé au Québec. Rôti d'épaule généreux, fondant au four. Commander en ligne.","Food, Beverages & Tobacco > Food Items > Meat",,,,Wagyu Halal Québec,new,TRUE,active
palette-sans-os-wagyu-halal,"Palette sans Os de Bœuf Wagyu Halal","<p><strong>La palette sans os Wagyu : toute la richesse de l'épaule, prête à rôtir sans contrainte.</strong></p>
<p>La Palette sans Os de Bœuf Wagyu Halal des Élevages Lassonde offre la même générosité que la palette avec os, sans la complexité de la découpe à table. Son persillage Wagyu lui assure une tendreté et une jutosité remarquables après une cuisson lente. Parfaite pour nourrir une grande tablée ou être effilochée en pulled beef.</p>
<h3>Caractéristiques</h3>
<ul>
<li>Bœuf Wagyu certifié Halal FAMBRAS</li>
<li>Élevage québécois — Les Élevages Lassonde</li>
<li>Persillage exceptionnel pour une tendreté incomparable</li>
<li>Désossée — facilité de découpe et idéale pour le pulled beef Wagyu</li>
</ul>
<h3>Cuisson recommandée</h3>
<p>Idéale en pulled beef : cuire au fumoir ou en cocotte à 120°C pendant 8-10 heures jusqu'à 95°C interne. Effilocher avec deux fourchettes. Excellent aussi en rôti traditionnel à 160°C pendant 2h30-3h, ficelé pour une belle présentation.</p>
<h3>Conservation</h3>
<p>Garder réfrigéré entre 0°C et 4°C. Consommer avant la date indiquée sur l'emballage.</p>
<p><em>Poids variable — chaque pièce est unique. Prix calculé selon le poids exact à la livre.</em></p>","Les Élevages Lassonde","Viande Wagyu Halal","Halal, Wagyu, FAMBRAS, Québec, Rôtis, Four, BBQ, Pulled Beef",TRUE,Poids,Au poids ($/lb),LASSONDE-PALETTE-SANS-OS,0,shopify,0,deny,manual,17.21,,TRUE,TRUE,,,"Palette sans Os de Bœuf Wagyu Halal — Les Élevages Lassonde",FALSE,"Palette sans Os Wagyu Halal Québec | Les Élevages Lassonde","Palette sans Os de Bœuf Wagyu Halal certifié FAMBRAS, élevé au Québec. Idéale en rôti ou pulled beef. Livraison sous vide.","Food, Beverages & Tobacco > Food Items > Meat",,,,Wagyu Halal Québec,new,TRUE,active
marteau-thor-wagyu-halal,"Marteau Thor de Bœuf Wagyu Halal","<p><strong>Le Marteau Thor : une pièce spectaculaire qui allie force visuelle et saveur Wagyu.</strong></p>
<p>Le Marteau Thor de Bœuf Wagyu Halal des Élevages Lassonde est une coupe avec os long préparée pour un impact visuel maximal — comme son homonyme mythologique. Cette pièce d'apparat issue du jarret ou de l'épaule combine l'os et la moelle avec la richesse du persillage Wagyu pour une expérience sensorielle complète.</p>
<h3>Caractéristiques</h3>
<ul>
<li>Bœuf Wagyu certifié Halal FAMBRAS</li>
<li>Élevage québécois — Les Élevages Lassonde</li>
<li>Persillage exceptionnel pour une tendreté incomparable</li>
<li>Présentation spectaculaire avec os long — pièce maîtresse sur la table</li>
</ul>
<h3>Cuisson recommandée</h3>
<p>Rôtir au four à 160°C pendant 2-3 heures selon le poids, en arrosant régulièrement. La présentation se fait entière sur un plateau de bois pour l'effet spectaculaire maximum. L'os central peut être sucé ou raclé pour déguster la moelle fondante.</p>
<h3>Conservation</h3>
<p>Garder réfrigéré entre 0°C et 4°C. Consommer avant la date indiquée sur l'emballage.</p>
<p><em>Poids variable — chaque pièce est unique. Prix calculé selon le poids exact à la livre.</em></p>","Les Élevages Lassonde","Viande Wagyu Halal","Halal, Wagyu, FAMBRAS, Québec, Coupes Accessibles, Four, Braisé",TRUE,Poids,Au poids ($/lb),LASSONDE-MARTEAU-THOR,0,shopify,0,deny,manual,17.21,,TRUE,TRUE,,,"Marteau Thor de Bœuf Wagyu Halal — Les Élevages Lassonde",FALSE,"Marteau Thor Wagyu Halal Québec | Les Élevages Lassonde","Marteau Thor de Bœuf Wagyu Halal certifié FAMBRAS des Élevages Lassonde. Pièce spectaculaire à l'os. Élevage québécois, livré sous vide.","Food, Beverages & Tobacco > Food Items > Meat",,,,Wagyu Halal Québec,new,TRUE,active
queue-wagyu-halal,"Queue de Bœuf Wagyu Halal","<p><strong>La queue de bœuf Wagyu : l'ingrédient secret des bouillons et ragoûts les plus riches.</strong></p>
<p>La Queue de Bœuf Wagyu Halal des Élevages Lassonde est une coupe de connaisseur, prisée pour sa richesse en collagène et en moelle. Tronçonnée en sections, elle libère à la cuisson lente une gélatine naturelle qui transforme les bouillons en sauces somptueuses et les ragoûts en festins. Le fondant ultime après des heures de patience.</p>
<h3>Caractéristiques</h3>
<ul>
<li>Bœuf Wagyu certifié Halal FAMBRAS</li>
<li>Élevage québécois — Les Élevages Lassonde</li>
<li>Persillage exceptionnel pour une tendreté incomparable</li>
<li>Riche en collagène et moelle — gélatinise les sauces naturellement</li>
</ul>
<h3>Cuisson recommandée</h3>
<p>Braiser dans une cocotte avec légumes racines, vin rouge et herbes, pendant 3-4 heures à 150°C. La viande doit se détacher des os sans effort. Parfaite aussi pour un bouillon de bœuf profond et complexe cuit 4-6 heures à frémissement doux.</p>
<h3>Conservation</h3>
<p>Garder réfrigéré entre 0°C et 4°C. Consommer avant la date indiquée sur l'emballage.</p>
<p><em>Poids variable — chaque pièce est unique. Prix calculé selon le poids exact à la livre.</em></p>","Les Élevages Lassonde","Viande Wagyu Halal","Halal, Wagyu, FAMBRAS, Québec, Abats et Spécialités, Braisé, Bouillon",TRUE,Poids,Au poids ($/lb),LASSONDE-QUEUE,0,shopify,0,deny,manual,17.21,,TRUE,TRUE,,,"Queue de Bœuf Wagyu Halal — Les Élevages Lassonde",FALSE,"Queue de Bœuf Wagyu Halal Québec | Les Élevages Lassonde","Queue de Bœuf Wagyu Halal certifié FAMBRAS, élevé au Québec. Riche en collagène, idéale pour bouillons et ragoûts. Commander en ligne.","Food, Beverages & Tobacco > Food Items > Meat",,,,Wagyu Halal Québec,new,TRUE,active
coeur-wagyu-halal,"Cœur de Bœuf Wagyu Halal","<p><strong>Le cœur Wagyu : la quintessence des abats nobles, au goût de bœuf pur et intense.</strong></p>
<p>Le Cœur de Bœuf Wagyu Halal des Élevages Lassonde est l'abat le plus musclé et le plus maigre de l'animal, avec une saveur de bœuf d'une intensité remarquable. Sa texture ferme mais tendre à la cuisson rapide en fait un produit gastronomique d'exception pour les curieux et les initiés. Très populaire dans les cuisines du monde entier.</p>
<h3>Caractéristiques</h3>
<ul>
<li>Bœuf Wagyu certifié Halal FAMBRAS</li>
<li>Élevage québécois — Les Élevages Lassonde</li>
<li>Persillage exceptionnel pour une tendreté incomparable</li>
<li>Muscle cardiaque très maigre — saveur de bœuf pur concentrée</li>
</ul>
<h3>Cuisson recommandée</h3>
<p>Trancher finement et poêler à feu très vif, 1 minute par côté pour une cuisson saignante. Excellent en tartare, en carpaccio ou en anticuchos (brochettes péruviennes marinées). Peut aussi être farci et rôti entier pour une présentation spectaculaire.</p>
<h3>Conservation</h3>
<p>Garder réfrigéré entre 0°C et 4°C. Consommer avant la date indiquée sur l'emballage.</p>
<p><em>Poids variable — chaque pièce est unique. Prix calculé selon le poids exact à la livre.</em></p>","Les Élevages Lassonde","Viande Wagyu Halal","Halal, Wagyu, FAMBRAS, Québec, Abats et Spécialités, Poêle, Brochettes",TRUE,Poids,Au poids ($/lb),LASSONDE-COEUR,0,shopify,0,deny,manual,14.33,,TRUE,TRUE,,,"Cœur de Bœuf Wagyu Halal — Les Élevages Lassonde",FALSE,"Cœur de Bœuf Wagyu Halal Québec | Les Élevages Lassonde","Cœur de Bœuf Wagyu Halal certifié FAMBRAS des Élevages Lassonde. Abat noble au goût intense. Élevage québécois, livré sous vide.","Food, Beverages & Tobacco > Food Items > Meat",,,,Wagyu Halal Québec,new,TRUE,active
langue-wagyu-halal,"Langue de Bœuf Wagyu Halal","<p><strong>La langue de bœuf Wagyu : un classique de la gastronomie mondiale d'une tendreté absolue.</strong></p>
<p>La Langue de Bœuf Wagyu Halal des Élevages Lassonde est l'un des abats les plus appréciés dans les cuisines française, mexicaine, juive et orientale. Sa texture fondante après cuisson longue et son goût subtil et délicat en font un mets de choix. Le persillage Wagyu amplifie sa tendreté naturelle pour un résultat exceptionnel.</p>
<h3>Caractéristiques</h3>
<ul>
<li>Bœuf Wagyu certifié Halal FAMBRAS</li>
<li>Élevage québécois — Les Élevages Lassonde</li>
<li>Persillage exceptionnel pour une tendreté incomparable</li>
<li>Abat noble apprécié dans de nombreuses cuisines du monde — versatilité culinaire remarquable</li>
</ul>
<h3>Cuisson recommandée</h3>
<p>Cuire entière à l'eau frémissante avec aromates pendant 2h30-3h jusqu'à ce qu'une brochette s'insère sans résistance. Éplucher la peau extérieure à chaud immédiatement. Servir tranchée en sauce piquante, en vinaigrette, en tacos de lengua ou en pot-au-feu.</p>
<h3>Conservation</h3>
<p>Garder réfrigéré entre 0°C et 4°C. Consommer avant la date indiquée sur l'emballage.</p>
<p><em>Poids variable — chaque pièce est unique. Prix calculé selon le poids exact à la livre.</em></p>","Les Élevages Lassonde","Viande Wagyu Halal","Halal, Wagyu, FAMBRAS, Québec, Abats et Spécialités, Pochée, Braisé",TRUE,Poids,Au poids ($/lb),LASSONDE-LANGUE,0,shopify,0,deny,manual,14.33,,TRUE,TRUE,,,"Langue de Bœuf Wagyu Halal — Les Élevages Lassonde",FALSE,"Langue de Bœuf Wagyu Halal Québec | Les Élevages Lassonde","Langue de Bœuf Wagyu Halal certifié FAMBRAS, élevé au Québec. Fondante et délicate en sauce ou en tacos. Commander en ligne.","Food, Beverages & Tobacco > Food Items > Meat",,,,Wagyu Halal Québec,new,TRUE,active
foie-wagyu-halal,"Foie de Bœuf Wagyu Halal","<p><strong>Le foie de bœuf Wagyu : une richesse nutritionnelle incomparable et une saveur d'une profondeur rare.</strong></p>
<p>Le Foie de Bœuf Wagyu Halal des Élevages Lassonde est l'un des aliments les plus nutritifs qui soit, riche en fer, vitamine B12 et protéines nobles. Sa saveur puissante et légèrement métallique est sublimée par une cuisson courte et précise. L'élevage Wagyu lui confère une texture plus souple et une amertume moins prononcée que la normale.</p>
<h3>Caractéristiques</h3>
<ul>
<li>Bœuf Wagyu certifié Halal FAMBRAS</li>
<li>Élevage québécois — Les Élevages Lassonde</li>
<li>Persillage exceptionnel pour une tendreté incomparable</li>
<li>Densité nutritionnelle exceptionnelle — fer, B12, protéines complètes</li>
</ul>
<h3>Cuisson recommandée</h3>
<p>Trancher finement (1 cm), fariner légèrement et poêler dans du beurre clarifié à feu vif, 1 minute par côté. Déposer sur des oignons confits et accompagner de bacon de bœuf pour le classique foie aux oignons. Ne jamais trop cuire : le foie trop cuit devient granuleux.</p>
<h3>Conservation</h3>
<p>Garder réfrigéré entre 0°C et 4°C. Consommer avant la date indiquée sur l'emballage.</p>
<p><em>Poids variable — chaque pièce est unique. Prix calculé selon le poids exact à la livre.</em></p>","Les Élevages Lassonde","Viande Wagyu Halal","Halal, Wagyu, FAMBRAS, Québec, Abats et Spécialités, Poêle",TRUE,Poids,Au poids ($/lb),LASSONDE-FOIE,0,shopify,0,deny,manual,11.47,,TRUE,TRUE,,,"Foie de Bœuf Wagyu Halal — Les Élevages Lassonde",FALSE,"Foie de Bœuf Wagyu Halal Québec | Les Élevages Lassonde","Foie de Bœuf Wagyu Halal certifié FAMBRAS des Élevages Lassonde. Riche en nutriments, saveur profonde. Élevage québécois, livré sous vide.","Food, Beverages & Tobacco > Food Items > Meat",,,,Wagyu Halal Québec,new,TRUE,active
rognon-wagyu-halal,"Rognon de Bœuf Wagyu Halal","<p><strong>Le rognon de bœuf Wagyu : l'abat des grands classiques revisité avec une richesse bovine inégalée.</strong></p>
<p>Le Rognon de Bœuf Wagyu Halal des Élevages Lassonde est un abat réservé aux cuisiniers curieux et aux amateurs de saveurs intenses. Sa texture unique et son goût prononcé se subliment magnifiquement dans les préparations classiques. L'élevage Wagyu en adoucit les arômes pour une expérience plus accessible que prévu.</p>
<h3>Caractéristiques</h3>
<ul>
<li>Bœuf Wagyu certifié Halal FAMBRAS</li>
<li>Élevage québécois — Les Élevages Lassonde</li>
<li>Persillage exceptionnel pour une tendreté incomparable</li>
<li>Arômes adoucis par l'alimentation spécifique du Wagyu Lassonde</li>
</ul>
<h3>Cuisson recommandée</h3>
<p>Parer et déveiner soigneusement, puis faire tremper 1 heure dans l'eau froide vinaigrée. Poêler en cubes à feu très vif dans du beurre, 2-3 minutes. Déglacer au cognac halal ou au vin blanc. Classique en vol-au-vent ou en tourte à la mode de Caen.</p>
<h3>Conservation</h3>
<p>Garder réfrigéré entre 0°C et 4°C. Consommer avant la date indiquée sur l'emballage.</p>
<p><em>Poids variable — chaque pièce est unique. Prix calculé selon le poids exact à la livre.</em></p>","Les Élevages Lassonde","Viande Wagyu Halal","Halal, Wagyu, FAMBRAS, Québec, Abats et Spécialités, Poêle, Braisé",TRUE,Poids,Au poids ($/lb),LASSONDE-ROGNON,0,shopify,0,deny,manual,11.47,,TRUE,TRUE,,,"Rognon de Bœuf Wagyu Halal — Les Élevages Lassonde",FALSE,"Rognon de Bœuf Wagyu Halal Québec | Les Élevages Lassonde","Rognon de Bœuf Wagyu Halal certifié FAMBRAS des Élevages Lassonde. Abat classique aux arômes adoucis par l'élevage Wagyu. Commander en ligne.","Food, Beverages & Tobacco > Food Items > Meat",,,,Wagyu Halal Québec,new,TRUE,active
os-a-moelle-wagyu-halal,"Os à Moelle de Bœuf Wagyu Halal","<p><strong>L'os à moelle Wagyu : le luxe à l'état pur, fondant et beurré à souhait.</strong></p>
<p>L'Os à Moelle de Bœuf Wagyu Halal des Élevages Lassonde est une expérience gustative à part entière. La moelle du Wagyu est particulièrement riche et crémeuse grâce à la génétique de la race et à l'alimentation spécifique. Tronçonnée en sections généreuses, elle se déguste rôtie au four sur du pain grillé avec fleur de sel.</p>
<h3>Caractéristiques</h3>
<ul>
<li>Bœuf Wagyu certifié Halal FAMBRAS</li>
<li>Élevage québécois — Les Élevages Lassonde</li>
<li>Persillage exceptionnel pour une tendreté incomparable</li>
<li>Moelle Wagyu particulièrement riche et crémeuse — expérience unique</li>
</ul>
<h3>Cuisson recommandée</h3>
<p>Rôtir debout au four à 220°C pendant 15-20 minutes jusqu'à ce que la moelle frémisse et soit translucide. Servir immédiatement sur des tranches de pain de campagne grillé avec fleur de sel, persil haché et câpres. La moelle doit être consommée dans les 5 minutes suivant la sortie du four.</p>
<h3>Conservation</h3>
<p>Garder réfrigéré entre 0°C et 4°C. Consommer avant la date indiquée sur l'emballage.</p>
<p><em>Poids variable — chaque pièce est unique. Prix calculé selon le poids exact à la livre.</em></p>","Les Élevages Lassonde","Viande Wagyu Halal","Halal, Wagyu, FAMBRAS, Québec, Abats et Spécialités, Four",TRUE,Poids,Au poids ($/lb),LASSONDE-OS-A-MOELLE,0,shopify,0,deny,manual,9.75,,TRUE,TRUE,,,"Os à Moelle de Bœuf Wagyu Halal — Les Élevages Lassonde",FALSE,"Os à Moelle Wagyu Halal Québec | Les Élevages Lassonde","Os à Moelle de Bœuf Wagyu Halal certifié FAMBRAS, élevé au Québec. Moelle crémeuse et fondante rôtie au four. Commander en ligne.","Food, Beverages & Tobacco > Food Items > Meat",,,,Wagyu Halal Québec,new,TRUE,active
os-a-soupe-wagyu-halal,"Os à Soupe de Bœuf Wagyu Halal","<p><strong>La base de tous les grands fonds : des os à soupe Wagyu pour des bouillons d'exception.</strong></p>
<p>Les Os à Soupe de Bœuf Wagyu Halal des Élevages Lassonde sont la fondation de tout grand cuisinier. Riches en collagène, en minéraux et imprégnés des caractéristiques génétiques du Wagyu, ils produisent des bouillons d'une profondeur aromatique et d'une richesse en gélatine incomparables. Le secret des sauces et potages mémorables.</p>
<h3>Caractéristiques</h3>
<ul>
<li>Bœuf Wagyu certifié Halal FAMBRAS</li>
<li>Élevage québécois — Les Élevages Lassonde</li>
<li>Persillage exceptionnel pour une tendreté incomparable</li>
<li>Riches en collagène et minéraux — bouillons gélatineux naturels</li>
</ul>
<h3>Cuisson recommandée</h3>
<p>Faire rôtir au four à 200°C pendant 30 minutes pour caraméliser et amplifier les saveurs. Couvrir d'eau froide, ajouter légumes et herbes, amener à ébullition et écumer. Laisser mijoter 4-6 heures à feu très doux. Filtrer et réduire pour un fond brun concentré.</p>
<h3>Conservation</h3>
<p>Garder réfrigéré entre 0°C et 4°C. Consommer avant la date indiquée sur l'emballage.</p>
<p><em>Poids variable — chaque pièce est unique. Prix calculé selon le poids exact à la livre.</em></p>","Les Élevages Lassonde","Viande Wagyu Halal","Halal, Wagyu, FAMBRAS, Québec, Abats et Spécialités, Bouillon, Fond",TRUE,Poids,Au poids ($/lb),LASSONDE-OS-A-SOUPE,0,shopify,0,deny,manual,5.17,,TRUE,TRUE,,,"Os à Soupe de Bœuf Wagyu Halal — Les Élevages Lassonde",FALSE,"Os à Soupe Wagyu Halal Québec | Les Élevages Lassonde","Os à Soupe de Bœuf Wagyu Halal certifié FAMBRAS des Élevages Lassonde. Base idéale pour bouillons et fonds riches. Élevage québécois.","Food, Beverages & Tobacco > Food Items > Meat",,,,Wagyu Halal Québec,new,TRUE,active
